               epoch,      train/box_loss,      train/obj_loss,      train/cls_loss,   metrics/precision,      metrics/recall,     metrics/mAP_0.5,metrics/mAP_0.5:0.95,        val/box_loss,        val/obj_loss,        val/cls_loss,               x/lr0,               x/lr1,               x/lr2
                   0,             0.10503,            0.064449,            0.023833,             0.18053,             0.21605,             0.11239,              0.0348,             0.07748,            0.047619,            0.015159,            0.070286,           0.0033016,           0.0033016
                   1,            0.074305,            0.062341,            0.012874,             0.34014,             0.43086,              0.3045,             0.11545,            0.064574,            0.038504,           0.0092098,            0.040264,            0.006613,            0.006613
                   2,            0.067966,            0.057535,            0.010054,             0.41787,             0.52023,             0.39516,             0.15828,            0.058277,            0.037504,           0.0081365,             0.01022,           0.0099025,           0.0099025
                   3,            0.060374,            0.056332,           0.0089126,             0.53317,             0.55771,             0.48799,             0.20646,             0.05502,             0.03927,           0.0075118,            0.009901,            0.009901,            0.009901
                   4,            0.056212,             0.05278,           0.0079595,             0.69563,             0.63876,              0.6704,             0.30896,            0.048618,            0.034738,           0.0068451,            0.009901,            0.009901,            0.009901
                   5,            0.053717,            0.053203,           0.0077059,             0.73812,              0.6539,             0.69175,              0.3385,            0.045611,            0.036977,           0.0066201,            0.009868,            0.009868,            0.009868
                   6,            0.051649,            0.051915,           0.0072331,              0.7241,              0.6618,             0.69022,             0.31969,            0.046784,            0.034811,           0.0063908,            0.009835,            0.009835,            0.009835
                   7,            0.050688,            0.051573,           0.0069038,             0.74647,             0.60677,             0.65443,             0.29787,            0.048639,            0.035947,           0.0068157,            0.009802,            0.009802,            0.009802
                   8,            0.049521,            0.051312,           0.0066085,             0.73313,             0.68119,             0.71557,              0.3571,            0.045558,            0.034628,           0.0059853,            0.009769,            0.009769,            0.009769
                   9,            0.048758,            0.050682,           0.0066643,             0.79931,             0.67855,             0.74743,             0.38301,            0.044011,            0.032952,            0.006019,            0.009736,            0.009736,            0.009736
                  10,            0.047793,             0.04872,            0.006432,             0.78682,             0.69685,             0.75945,             0.38371,            0.043365,            0.032875,           0.0057526,            0.009703,            0.009703,            0.009703
                  11,            0.046913,            0.049294,           0.0063528,             0.79995,             0.71732,             0.76937,             0.40058,            0.043161,            0.032736,           0.0056457,             0.00967,             0.00967,             0.00967
                  12,            0.047031,            0.049264,           0.0062137,             0.80241,             0.70551,              0.7748,             0.38481,            0.043494,            0.033059,           0.0056945,            0.009637,            0.009637,            0.009637
                  13,            0.046587,            0.048325,           0.0064918,             0.81082,             0.71301,              0.7814,             0.40517,            0.042557,            0.032548,           0.0056253,            0.009604,            0.009604,            0.009604
                  14,            0.045793,            0.047391,           0.0058848,             0.77662,             0.71409,             0.76534,             0.39793,            0.042958,            0.032201,           0.0056129,            0.009571,            0.009571,            0.009571
                  15,            0.045595,            0.047735,           0.0059513,             0.80503,              0.6814,             0.74339,             0.39211,              0.0431,            0.034071,           0.0058417,            0.009538,            0.009538,            0.009538
                  16,             0.04484,            0.046556,           0.0060394,             0.80661,              0.7189,             0.77766,             0.41615,            0.042086,            0.032264,           0.0055871,            0.009505,            0.009505,            0.009505
                  17,            0.045078,            0.046286,           0.0056658,             0.80808,             0.74561,             0.79285,             0.41367,            0.041807,            0.032077,           0.0054595,            0.009472,            0.009472,            0.009472
                  18,            0.044335,            0.045354,           0.0055941,             0.80599,             0.71292,             0.77565,             0.41695,            0.042273,            0.032358,           0.0053877,            0.009439,            0.009439,            0.009439
                  19,            0.043265,            0.045816,           0.0052982,             0.82193,             0.70508,             0.77526,              0.4225,            0.041511,            0.032417,           0.0054497,            0.009406,            0.009406,            0.009406
                  20,             0.04307,            0.045425,           0.0053959,             0.80013,             0.73525,             0.77886,             0.41373,            0.041927,            0.032714,           0.0052366,            0.009373,            0.009373,            0.009373
                  21,            0.044134,            0.044867,           0.0055795,             0.83604,             0.73164,             0.78889,             0.42623,            0.041198,            0.031864,           0.0053246,             0.00934,             0.00934,             0.00934
                  22,            0.043284,            0.044278,           0.0052533,              0.8165,             0.72778,             0.77158,             0.41494,            0.041249,            0.032207,           0.0054194,            0.009307,            0.009307,            0.009307
                  23,            0.043001,            0.044443,           0.0054681,             0.80478,             0.74035,             0.77811,             0.42152,            0.041995,            0.031761,           0.0055598,            0.009274,            0.009274,            0.009274
                  24,            0.042563,            0.043781,           0.0052562,             0.80564,             0.74721,             0.78421,             0.41962,             0.04153,            0.032475,           0.0054519,            0.009241,            0.009241,            0.009241
                  25,            0.042729,            0.044284,           0.0052937,             0.81443,             0.73139,             0.78002,              0.4251,            0.041225,            0.032125,           0.0054314,            0.009208,            0.009208,            0.009208
                  26,            0.042309,            0.043961,           0.0053007,             0.80951,             0.72821,             0.78007,             0.40609,            0.041859,            0.033128,           0.0054695,            0.009175,            0.009175,            0.009175
                  27,            0.042604,            0.044158,           0.0053216,              0.8391,             0.73958,             0.80256,             0.43101,            0.040973,            0.031605,            0.005243,            0.009142,            0.009142,            0.009142
                  28,            0.042033,            0.043828,           0.0052435,             0.83406,             0.73275,             0.79427,             0.43257,            0.041173,            0.032413,           0.0052386,            0.009109,            0.009109,            0.009109
                  29,             0.04186,            0.043503,           0.0052111,             0.80731,             0.74213,             0.79156,             0.43453,            0.041205,            0.031981,           0.0054001,            0.009076,            0.009076,            0.009076
                  30,            0.041803,            0.043106,           0.0053233,             0.82345,             0.75052,             0.79503,             0.43728,            0.041347,            0.032119,           0.0052982,            0.009043,            0.009043,            0.009043
                  31,            0.041731,            0.042655,           0.0051285,              0.8223,             0.73881,             0.79004,             0.43656,            0.041025,            0.032569,           0.0054137,             0.00901,             0.00901,             0.00901
                  32,            0.041116,            0.042003,           0.0050427,             0.82633,             0.74141,             0.78684,              0.4249,            0.041431,            0.032297,           0.0052642,            0.008977,            0.008977,            0.008977
                  33,            0.041441,            0.042608,           0.0051372,             0.83791,             0.73171,             0.78575,             0.43897,            0.040712,            0.032381,           0.0051356,            0.008944,            0.008944,            0.008944
                  34,            0.040845,            0.042367,           0.0049843,             0.81857,             0.76452,             0.79582,             0.42967,            0.040815,            0.032288,           0.0051232,            0.008911,            0.008911,            0.008911
                  35,            0.040833,            0.041182,           0.0049234,             0.83791,             0.76174,             0.80037,             0.44283,             0.04078,             0.03198,           0.0051203,            0.008878,            0.008878,            0.008878
                  36,            0.040525,             0.04078,           0.0049163,             0.83562,             0.75505,             0.80239,             0.44139,            0.040833,             0.03209,           0.0052879,            0.008845,            0.008845,            0.008845
                  37,            0.040611,            0.041065,           0.0050526,             0.84239,             0.74998,             0.79953,             0.44243,            0.040545,            0.032434,           0.0052167,            0.008812,            0.008812,            0.008812
                  38,            0.040554,            0.041425,           0.0049194,             0.82657,             0.75901,             0.79389,             0.43974,            0.040856,             0.03242,           0.0051417,            0.008779,            0.008779,            0.008779
                  39,            0.040074,            0.041308,           0.0047024,             0.83761,             0.74708,             0.79499,             0.43938,             0.04098,            0.032261,           0.0052236,            0.008746,            0.008746,            0.008746
                  40,            0.040006,            0.040771,           0.0049653,             0.82666,             0.74176,             0.79126,             0.43453,            0.041026,            0.032042,           0.0052956,            0.008713,            0.008713,            0.008713
                  41,            0.040361,            0.039709,           0.0048699,             0.81871,             0.75188,             0.79621,             0.44045,            0.040814,            0.031632,           0.0052833,             0.00868,             0.00868,             0.00868
                  42,            0.039878,            0.040381,           0.0049641,              0.8276,             0.76952,             0.80209,             0.44753,            0.040504,            0.031773,           0.0051487,            0.008647,            0.008647,            0.008647
                  43,            0.039792,            0.040866,           0.0048789,             0.84411,             0.74182,             0.79438,             0.44193,            0.040484,            0.033188,           0.0052545,            0.008614,            0.008614,            0.008614
                  44,            0.039584,            0.039919,           0.0048679,             0.83331,             0.75597,             0.79921,             0.44786,            0.040171,            0.032326,           0.0051567,            0.008581,            0.008581,            0.008581
                  45,            0.039789,            0.040799,           0.0048589,             0.84307,             0.74473,             0.79337,              0.4418,            0.040398,            0.033558,           0.0052992,            0.008548,            0.008548,            0.008548
                  46,            0.039787,            0.041021,           0.0048667,             0.83021,             0.75097,             0.79887,             0.44502,            0.040189,            0.032859,           0.0052228,            0.008515,            0.008515,            0.008515
                  47,            0.039254,            0.041481,           0.0048219,             0.84188,             0.74385,              0.8024,             0.44349,            0.040166,            0.032926,            0.005263,            0.008482,            0.008482,            0.008482
                  48,            0.039689,            0.039922,           0.0049353,             0.81059,             0.75213,             0.79361,             0.43685,            0.040341,             0.03292,           0.0050541,            0.008449,            0.008449,            0.008449
                  49,            0.038995,            0.040348,           0.0047441,             0.85317,             0.74664,             0.80578,             0.45075,            0.039998,            0.031923,           0.0052102,            0.008416,            0.008416,            0.008416
                  50,            0.038625,             0.03879,           0.0046113,             0.83742,             0.74609,             0.78935,             0.44341,            0.040537,             0.03266,           0.0051625,            0.008383,            0.008383,            0.008383
                  51,            0.038507,             0.03859,           0.0045826,             0.83491,             0.76058,             0.80921,             0.45192,            0.039971,            0.031863,           0.0050144,             0.00835,             0.00835,             0.00835
                  52,            0.038814,            0.039902,           0.0046215,             0.84214,             0.75215,             0.80047,             0.45311,            0.039729,            0.032936,           0.0051174,            0.008317,            0.008317,            0.008317
                  53,            0.039091,            0.039801,           0.0047103,             0.82317,             0.76496,             0.80075,              0.4449,            0.039743,            0.032271,           0.0050578,            0.008284,            0.008284,            0.008284
                  54,            0.038693,            0.039493,           0.0047714,             0.83237,             0.75864,             0.80628,               0.455,            0.039872,            0.031918,           0.0049773,            0.008251,            0.008251,            0.008251
                  55,             0.03893,            0.039477,           0.0048075,              0.8505,             0.75699,             0.80694,             0.45082,            0.040015,            0.032018,           0.0051886,            0.008218,            0.008218,            0.008218
                  56,            0.039017,            0.039137,           0.0046876,             0.84585,             0.73608,             0.79022,             0.45408,            0.040125,             0.03209,           0.0051548,            0.008185,            0.008185,            0.008185
                  57,            0.038394,            0.038434,           0.0044447,             0.83205,              0.7643,             0.80467,             0.44856,            0.039981,             0.03161,           0.0050385,            0.008152,            0.008152,            0.008152
                  58,            0.038197,            0.039368,            0.004494,             0.82596,             0.76207,             0.79213,             0.44441,            0.039994,            0.032183,           0.0053106,            0.008119,            0.008119,            0.008119
                  59,            0.038627,             0.03873,           0.0045752,             0.85816,             0.74347,             0.79717,             0.45055,            0.040188,            0.032352,           0.0052709,            0.008086,            0.008086,            0.008086
                  60,             0.03804,            0.038263,           0.0045062,              0.8477,             0.74456,             0.79862,             0.44913,            0.040054,            0.032594,           0.0051646,            0.008053,            0.008053,            0.008053
                  61,            0.037916,            0.039248,             0.00445,             0.84071,             0.75887,             0.80403,             0.45606,            0.039879,            0.032113,           0.0052116,             0.00802,             0.00802,             0.00802
                  62,            0.038421,            0.039019,           0.0046196,             0.83016,              0.7604,             0.79738,             0.45712,            0.039513,            0.031852,           0.0051279,            0.007987,            0.007987,            0.007987
                  63,            0.038003,            0.038486,           0.0046257,             0.84731,             0.75486,             0.80358,             0.45307,            0.039768,            0.032268,           0.0050986,            0.007954,            0.007954,            0.007954
                  64,              0.0377,            0.038226,           0.0045018,             0.84479,             0.75598,             0.80352,             0.45535,             0.04037,            0.032361,           0.0052667,            0.007921,            0.007921,            0.007921
                  65,            0.037911,            0.038683,           0.0045812,             0.84923,             0.75555,             0.79997,             0.45139,             0.03991,            0.031696,           0.0053022,            0.007888,            0.007888,            0.007888
                  66,            0.037468,            0.038201,           0.0044885,             0.83876,             0.75306,             0.79571,             0.45138,            0.040213,            0.032484,            0.005109,            0.007855,            0.007855,            0.007855
                  67,            0.037075,            0.036802,           0.0044566,             0.84237,             0.75047,             0.80058,             0.44914,            0.040386,            0.032723,           0.0052015,            0.007822,            0.007822,            0.007822
                  68,            0.037528,            0.038513,           0.0044653,             0.85078,             0.75356,             0.80885,             0.45797,            0.039637,            0.031559,           0.0050926,            0.007789,            0.007789,            0.007789
                  69,            0.037326,            0.038168,              0.0044,             0.85189,             0.75467,             0.80769,             0.45399,            0.039895,            0.032796,           0.0051537,            0.007756,            0.007756,            0.007756
                  70,            0.037405,            0.038008,           0.0043812,             0.85678,             0.73751,             0.79837,             0.45265,            0.040078,            0.033329,            0.005186,            0.007723,            0.007723,            0.007723
                  71,            0.037493,             0.03859,           0.0043816,              0.8398,             0.76409,             0.79749,             0.45054,            0.039595,            0.033238,           0.0050959,             0.00769,             0.00769,             0.00769
                  72,              0.0369,             0.03682,           0.0045471,             0.84098,             0.76212,              0.8024,             0.44945,            0.039893,            0.032493,           0.0050088,            0.007657,            0.007657,            0.007657
                  73,            0.036925,            0.035912,           0.0045304,             0.83393,             0.77398,             0.80225,             0.45108,            0.039272,            0.032277,           0.0050819,            0.007624,            0.007624,            0.007624
                  74,            0.037095,            0.037134,           0.0043339,             0.84144,             0.77377,             0.81523,             0.45742,            0.039545,            0.032597,           0.0050743,            0.007591,            0.007591,            0.007591
                  75,            0.037706,            0.037879,           0.0046007,             0.85357,             0.73998,             0.79972,             0.45013,            0.039961,            0.033681,           0.0053244,            0.007558,            0.007558,            0.007558
                  76,            0.036718,            0.036993,           0.0043461,             0.84165,             0.76096,             0.80407,             0.45576,            0.039311,            0.032266,           0.0049788,            0.007525,            0.007525,            0.007525
                  77,            0.036872,            0.036787,           0.0044638,             0.83347,              0.7518,             0.79234,             0.44927,            0.039961,            0.033169,           0.0052361,            0.007492,            0.007492,            0.007492
                  78,             0.03741,            0.035861,           0.0045007,             0.83239,             0.76834,              0.7998,             0.45309,            0.039677,            0.032631,           0.0051729,            0.007459,            0.007459,            0.007459
                  79,            0.036761,            0.036548,           0.0042804,             0.83732,             0.74776,             0.79359,             0.44757,            0.040279,            0.033593,           0.0052673,            0.007426,            0.007426,            0.007426
                  80,            0.037012,            0.037004,           0.0044259,             0.82828,             0.75326,             0.78648,              0.4502,            0.039832,            0.033237,           0.0052148,            0.007393,            0.007393,            0.007393
                  81,            0.036787,            0.037373,           0.0043997,             0.83686,             0.76028,             0.79637,             0.44631,            0.039757,            0.033347,           0.0053304,             0.00736,             0.00736,             0.00736
                  82,            0.036037,             0.03742,           0.0042658,             0.82905,             0.77226,             0.79791,             0.45028,            0.039795,            0.032814,           0.0051772,            0.007327,            0.007327,            0.007327
                  83,             0.03668,            0.036056,           0.0044101,             0.84775,             0.76454,             0.81071,              0.4627,            0.039316,            0.032713,           0.0049619,            0.007294,            0.007294,            0.007294
                  84,            0.036681,            0.037515,           0.0044276,             0.85043,             0.76583,             0.81271,              0.4598,            0.039593,            0.032315,           0.0051502,            0.007261,            0.007261,            0.007261
                  85,            0.036469,            0.036091,            0.004454,             0.83705,             0.76203,             0.80283,             0.45786,            0.039426,            0.032605,           0.0052057,            0.007228,            0.007228,            0.007228
                  86,            0.036563,            0.035885,           0.0044431,             0.84514,             0.77127,             0.80419,             0.45627,            0.039765,            0.033226,           0.0052782,            0.007195,            0.007195,            0.007195
                  87,            0.035704,            0.035779,           0.0042964,             0.84376,             0.76568,             0.80194,             0.45599,            0.039717,            0.032989,           0.0051939,            0.007162,            0.007162,            0.007162
                  88,            0.036724,              0.0372,           0.0044332,             0.84391,             0.77301,             0.80883,             0.45521,            0.039549,            0.033037,           0.0050564,            0.007129,            0.007129,            0.007129
                  89,            0.035546,            0.036069,           0.0040919,             0.84815,             0.74793,             0.79124,             0.45374,            0.039689,            0.033822,           0.0051797,            0.007096,            0.007096,            0.007096
                  90,            0.036318,            0.036681,           0.0044816,             0.84167,             0.75685,              0.7967,             0.44772,            0.040052,            0.033282,           0.0050835,            0.007063,            0.007063,            0.007063
                  91,            0.035633,             0.03559,           0.0041648,             0.84712,             0.75397,             0.80644,             0.45808,             0.03978,            0.033101,           0.0050271,             0.00703,             0.00703,             0.00703
                  92,            0.035876,            0.035989,           0.0042965,             0.85401,             0.76632,             0.81093,             0.45933,            0.039418,            0.031844,           0.0050972,            0.006997,            0.006997,            0.006997
                  93,            0.036318,            0.037632,           0.0045387,             0.82882,             0.76041,             0.80255,             0.45511,            0.039742,            0.032573,           0.0051696,            0.006964,            0.006964,            0.006964
                  94,            0.036008,             0.03523,           0.0043346,             0.84195,             0.76788,             0.80117,             0.45955,            0.039705,            0.032862,           0.0053367,            0.006931,            0.006931,            0.006931
                  95,            0.035683,            0.036041,           0.0043262,             0.83561,             0.77166,             0.80084,             0.45359,            0.039654,            0.033082,           0.0052535,            0.006898,            0.006898,            0.006898
                  96,            0.035542,            0.036204,           0.0042296,             0.83542,             0.77268,             0.80152,             0.45756,            0.039616,            0.032445,           0.0052732,            0.006865,            0.006865,            0.006865
                  97,            0.035844,            0.035485,           0.0044322,              0.8398,             0.75792,             0.79749,             0.45442,            0.039561,            0.033265,           0.0052175,            0.006832,            0.006832,            0.006832
                  98,            0.035692,             0.03544,           0.0042454,             0.85071,             0.74798,             0.79907,             0.45536,            0.039595,            0.033224,           0.0052175,            0.006799,            0.006799,            0.006799
                  99,            0.035704,            0.035616,           0.0043405,             0.86264,             0.75504,             0.80387,             0.46213,            0.039298,            0.033391,           0.0052646,            0.006766,            0.006766,            0.006766
                 100,            0.035309,            0.036244,           0.0042485,             0.84741,             0.75624,             0.79872,             0.45291,            0.039995,            0.033601,           0.0053499,            0.006733,            0.006733,            0.006733
                 101,            0.035587,            0.035719,           0.0041781,             0.85696,             0.75449,             0.79938,             0.45262,            0.039738,            0.033233,           0.0054173,              0.0067,              0.0067,              0.0067
                 102,            0.035039,            0.035875,           0.0041416,              0.8473,             0.75912,             0.80454,             0.45861,            0.039811,            0.033291,           0.0055146,            0.006667,            0.006667,            0.006667
                 103,            0.035055,            0.035576,           0.0041447,             0.84564,             0.76434,             0.80512,             0.45353,            0.040192,            0.034223,            0.005444,            0.006634,            0.006634,            0.006634
                 104,            0.035279,            0.034931,           0.0041792,             0.86019,             0.74755,             0.80385,             0.46084,            0.039763,            0.033296,           0.0053151,            0.006601,            0.006601,            0.006601
                 105,            0.034838,            0.035049,           0.0041356,             0.83376,              0.7769,             0.80543,             0.46032,             0.03924,            0.032689,           0.0051241,            0.006568,            0.006568,            0.006568
                 106,            0.034943,            0.034815,           0.0040272,             0.84205,             0.75627,             0.80069,             0.45505,            0.039714,            0.033186,           0.0052086,            0.006535,            0.006535,            0.006535
                 107,              0.0354,            0.035853,           0.0042563,             0.84341,              0.7594,              0.7996,             0.45747,            0.039436,            0.033568,           0.0052426,            0.006502,            0.006502,            0.006502
                 108,            0.034801,            0.034959,           0.0040235,             0.83173,             0.77475,             0.80239,             0.45618,             0.03994,            0.033266,           0.0053677,            0.006469,            0.006469,            0.006469
                 109,            0.035139,            0.034631,           0.0044129,             0.84793,             0.75554,             0.80018,             0.45697,            0.039479,            0.033143,           0.0052985,            0.006436,            0.006436,            0.006436
                 110,            0.034869,            0.035229,           0.0041399,             0.84383,             0.75856,             0.79972,             0.45715,            0.039737,            0.033788,           0.0053531,            0.006403,            0.006403,            0.006403
                 111,            0.034201,            0.033824,           0.0039575,             0.85142,             0.76613,             0.80378,             0.45703,             0.03966,            0.033222,            0.005369,             0.00637,             0.00637,             0.00637
                 112,            0.034534,            0.035001,           0.0041396,             0.83895,             0.75057,             0.78999,             0.45586,            0.039703,            0.033536,            0.005432,            0.006337,            0.006337,            0.006337
                 113,            0.034633,            0.034871,            0.004252,             0.84292,             0.77429,             0.80868,             0.45743,            0.039464,            0.032606,           0.0052182,            0.006304,            0.006304,            0.006304
                 114,            0.034922,            0.034363,            0.004279,             0.83903,             0.76841,             0.80872,             0.46286,            0.039474,            0.033344,           0.0053268,            0.006271,            0.006271,            0.006271
                 115,            0.034664,            0.034544,           0.0041402,             0.85225,             0.76127,             0.80534,             0.46006,            0.039516,            0.033122,           0.0052563,            0.006238,            0.006238,            0.006238
                 116,            0.034531,            0.035344,           0.0041685,             0.84808,             0.76804,             0.80716,             0.45814,            0.039541,            0.033024,           0.0052614,            0.006205,            0.006205,            0.006205
                 117,            0.034755,            0.034248,           0.0042518,             0.84576,             0.76875,             0.80513,             0.46227,            0.039388,            0.033568,           0.0053154,            0.006172,            0.006172,            0.006172
                 118,            0.034665,            0.035201,           0.0041922,             0.83835,             0.75615,              0.7936,             0.46008,            0.039642,            0.033555,           0.0053377,            0.006139,            0.006139,            0.006139
                 119,            0.034488,            0.034892,           0.0041507,             0.85186,             0.75598,             0.79718,             0.45759,            0.039504,            0.033662,           0.0052144,            0.006106,            0.006106,            0.006106
                 120,            0.034629,            0.033577,           0.0041298,             0.83085,              0.7472,             0.78907,             0.45354,            0.039947,            0.034562,           0.0054847,            0.006073,            0.006073,            0.006073
                 121,            0.034713,            0.035491,           0.0042052,             0.84055,             0.75453,             0.79352,             0.45321,            0.039736,            0.033697,           0.0053996,             0.00604,             0.00604,             0.00604
                 122,            0.034306,            0.034644,           0.0041971,              0.8375,              0.7513,             0.78423,             0.45367,            0.039675,            0.034649,            0.005337,            0.006007,            0.006007,            0.006007
                 123,            0.033799,            0.034119,            0.004067,             0.84375,             0.75723,              0.7909,              0.4537,            0.039318,            0.033515,           0.0052454,            0.005974,            0.005974,            0.005974
                 124,            0.033937,            0.034033,            0.004039,             0.86626,             0.74251,             0.79643,             0.45862,             0.03947,            0.033891,           0.0052474,            0.005941,            0.005941,            0.005941
                 125,            0.034331,            0.033398,           0.0041093,             0.85458,             0.75409,             0.79969,             0.45563,            0.039393,            0.033943,           0.0051455,            0.005908,            0.005908,            0.005908
                 126,             0.03467,            0.034063,           0.0042831,             0.84108,             0.76143,             0.79864,             0.45688,            0.039487,            0.033193,           0.0052485,            0.005875,            0.005875,            0.005875
                 127,            0.033758,             0.03328,           0.0040416,             0.84082,             0.76877,             0.80953,             0.46286,            0.039233,             0.03296,           0.0053459,            0.005842,            0.005842,            0.005842
                 128,            0.034136,             0.03428,           0.0039901,             0.86253,             0.76088,             0.80318,             0.45989,            0.039403,            0.033926,           0.0053522,            0.005809,            0.005809,            0.005809
                 129,            0.033847,            0.033123,           0.0040149,             0.85493,             0.75721,             0.80503,              0.4585,            0.039291,            0.033383,             0.00528,            0.005776,            0.005776,            0.005776
                 130,            0.033849,            0.033694,           0.0041309,             0.84629,             0.76094,             0.80613,             0.46206,            0.039167,            0.033617,           0.0051698,            0.005743,            0.005743,            0.005743
                 131,            0.034021,            0.034854,           0.0041873,             0.85695,              0.7582,             0.80743,             0.46184,            0.039062,            0.033311,            0.005182,             0.00571,             0.00571,             0.00571
                 132,            0.033667,            0.033844,           0.0039445,             0.84218,             0.77196,             0.80731,             0.46343,            0.038971,            0.032681,           0.0051018,            0.005677,            0.005677,            0.005677
                 133,             0.03374,            0.033361,           0.0039545,             0.85761,             0.76061,             0.80271,             0.46084,            0.039033,            0.033585,           0.0051844,            0.005644,            0.005644,            0.005644
                 134,             0.03353,            0.034016,           0.0040183,             0.85349,             0.76156,             0.80611,             0.46042,            0.039315,            0.033445,           0.0054099,            0.005611,            0.005611,            0.005611
                 135,            0.033404,             0.03333,           0.0039377,             0.86242,             0.75514,             0.80813,               0.464,            0.039119,            0.032818,           0.0053754,            0.005578,            0.005578,            0.005578
                 136,             0.03357,            0.033661,           0.0041375,             0.85766,              0.7642,             0.81097,              0.4647,            0.039183,            0.032817,           0.0053018,            0.005545,            0.005545,            0.005545
                 137,            0.033469,             0.03365,           0.0040749,             0.85743,             0.74632,             0.80194,             0.45856,            0.039427,            0.034196,           0.0051948,            0.005512,            0.005512,            0.005512
                 138,            0.033446,            0.035025,           0.0041349,              0.8417,             0.77097,             0.80073,             0.45968,            0.039376,            0.033341,           0.0051502,            0.005479,            0.005479,            0.005479
                 139,            0.033146,            0.033611,           0.0039724,              0.8592,             0.74656,             0.79818,             0.45872,            0.039117,            0.033837,           0.0051563,            0.005446,            0.005446,            0.005446
                 140,            0.033627,            0.034294,           0.0041723,             0.86811,             0.74753,             0.80634,             0.46495,             0.03915,            0.033961,            0.005097,            0.005413,            0.005413,            0.005413
                 141,            0.033366,            0.033107,           0.0040725,              0.8451,             0.75504,             0.80169,              0.4649,            0.039214,            0.033562,           0.0051873,             0.00538,             0.00538,             0.00538
                 142,             0.03311,            0.031697,           0.0040557,             0.86233,             0.74523,             0.79825,             0.45804,            0.039469,            0.034415,           0.0052569,            0.005347,            0.005347,            0.005347
                 143,            0.032955,            0.033573,           0.0037354,             0.85572,             0.76214,             0.80569,             0.46172,            0.039225,            0.033164,           0.0051366,            0.005314,            0.005314,            0.005314
                 144,             0.03301,            0.033237,           0.0041178,             0.85775,              0.7447,             0.80008,             0.45699,            0.039432,            0.033877,           0.0051488,            0.005281,            0.005281,            0.005281
                 145,            0.032649,            0.032669,           0.0039506,             0.85686,             0.75955,             0.80333,             0.46241,            0.039076,            0.033483,           0.0053116,            0.005248,            0.005248,            0.005248
                 146,            0.032979,            0.033526,           0.0040234,             0.84859,             0.75793,             0.79826,             0.45613,            0.039443,            0.033644,            0.005159,            0.005215,            0.005215,            0.005215
                 147,            0.033168,            0.034059,           0.0041759,             0.84662,             0.74714,              0.7952,             0.45716,            0.039593,            0.034069,           0.0053791,            0.005182,            0.005182,            0.005182
                 148,            0.033073,            0.033658,           0.0039646,             0.86357,             0.74392,             0.80267,             0.46314,            0.039265,            0.033947,           0.0053223,            0.005149,            0.005149,            0.005149
                 149,            0.032997,            0.033761,           0.0040071,             0.84773,             0.75041,             0.79188,             0.46055,            0.039524,            0.034043,           0.0054955,            0.005116,            0.005116,            0.005116
                 150,            0.033199,            0.032729,           0.0040463,             0.83726,             0.76158,             0.79835,             0.46115,            0.039393,             0.03444,           0.0053496,            0.005083,            0.005083,            0.005083
                 151,            0.032997,            0.033202,           0.0039556,             0.85037,             0.75514,             0.79699,             0.46064,            0.039485,             0.03471,           0.0053489,             0.00505,             0.00505,             0.00505
                 152,            0.032725,            0.033275,           0.0038899,             0.85468,             0.76155,             0.80251,             0.46022,            0.039401,            0.033908,           0.0053765,            0.005017,            0.005017,            0.005017
                 153,            0.032621,             0.03354,           0.0040062,             0.85195,             0.75716,             0.79663,             0.46042,             0.03942,            0.033642,           0.0052686,            0.004984,            0.004984,            0.004984
                 154,            0.032666,            0.033314,           0.0039887,             0.86122,             0.76194,             0.80079,             0.46283,            0.039259,            0.033656,           0.0052989,            0.004951,            0.004951,            0.004951
                 155,            0.033043,            0.032627,            0.004028,             0.86141,             0.75843,             0.80169,             0.46283,            0.039379,            0.033701,           0.0053713,            0.004918,            0.004918,            0.004918
                 156,            0.032654,            0.032512,           0.0039993,             0.85432,               0.751,             0.80215,             0.46632,            0.039384,             0.03371,           0.0052883,            0.004885,            0.004885,            0.004885
                 157,            0.032491,            0.032499,           0.0038773,             0.87119,             0.75087,             0.80526,             0.46614,            0.039348,            0.034422,           0.0051981,            0.004852,            0.004852,            0.004852
                 158,            0.032164,             0.03229,           0.0037441,             0.84789,              0.7633,             0.80201,             0.46319,            0.039033,            0.034046,           0.0050733,            0.004819,            0.004819,            0.004819
                 159,             0.03296,            0.032172,           0.0040303,             0.83911,              0.7572,              0.7987,             0.46065,             0.03925,            0.034178,           0.0053439,            0.004786,            0.004786,            0.004786
                 160,            0.032889,            0.033718,           0.0040803,              0.8515,             0.75104,             0.79887,             0.46383,            0.039321,            0.034434,           0.0052124,            0.004753,            0.004753,            0.004753
                 161,            0.032311,            0.032632,           0.0039708,             0.85569,             0.75735,             0.80384,             0.46588,            0.039254,            0.033534,           0.0051072,             0.00472,             0.00472,             0.00472
                 162,            0.032132,            0.031874,           0.0038634,             0.84758,             0.76324,             0.79884,             0.46304,            0.039297,            0.033785,           0.0053384,            0.004687,            0.004687,            0.004687
                 163,            0.033004,            0.032161,           0.0039231,             0.85395,              0.7717,             0.81282,             0.46927,            0.039005,            0.033545,           0.0051997,            0.004654,            0.004654,            0.004654
                 164,            0.032201,            0.031889,            0.003814,             0.85541,             0.77475,             0.80805,             0.46657,             0.03917,            0.033806,           0.0053036,            0.004621,            0.004621,            0.004621
                 165,            0.032821,            0.031986,           0.0040215,             0.86117,             0.76179,             0.80458,             0.46037,             0.03938,            0.033927,            0.005239,            0.004588,            0.004588,            0.004588
                 166,            0.031861,             0.03224,           0.0038442,             0.86002,             0.76562,              0.8065,             0.46676,            0.039091,            0.033713,           0.0051545,            0.004555,            0.004555,            0.004555
                 167,            0.031789,            0.032386,           0.0038241,              0.8585,             0.76962,             0.81007,             0.46995,            0.038887,            0.033275,           0.0051221,            0.004522,            0.004522,            0.004522
                 168,            0.032352,            0.031873,           0.0039484,             0.86105,             0.77234,             0.80896,             0.46343,            0.039121,            0.033648,           0.0052516,            0.004489,            0.004489,            0.004489
                 169,            0.031966,            0.032383,           0.0039396,             0.84618,              0.7654,             0.80356,             0.46975,            0.039146,            0.033803,            0.005314,            0.004456,            0.004456,            0.004456
                 170,             0.03178,            0.031558,           0.0038919,             0.84903,             0.75958,              0.8044,             0.46966,            0.039174,            0.033764,           0.0051761,            0.004423,            0.004423,            0.004423
                 171,            0.032051,            0.032101,           0.0038984,             0.84203,             0.75561,             0.79941,             0.46458,            0.039397,            0.034459,           0.0050897,             0.00439,             0.00439,             0.00439
                 172,            0.032378,            0.032658,           0.0039685,              0.8475,             0.74513,             0.79648,             0.46404,            0.039389,            0.034662,           0.0052343,            0.004357,            0.004357,            0.004357
                 173,            0.031732,            0.032327,            0.003876,             0.85344,             0.75792,             0.80361,             0.46456,            0.039332,            0.034627,           0.0052482,            0.004324,            0.004324,            0.004324
                 174,             0.03189,            0.032094,            0.003925,             0.84374,             0.76709,             0.80192,             0.46591,            0.039177,            0.034226,           0.0052314,            0.004291,            0.004291,            0.004291
                 175,            0.031587,            0.030579,           0.0039683,             0.85292,             0.76562,             0.80571,             0.46774,            0.038991,            0.034067,           0.0052098,            0.004258,            0.004258,            0.004258
                 176,            0.031755,            0.031868,           0.0038708,             0.84185,             0.76639,             0.80001,             0.46721,            0.039089,             0.03421,           0.0052225,            0.004225,            0.004225,            0.004225
                 177,            0.031758,            0.031091,           0.0038833,             0.84931,             0.76457,             0.80085,             0.46808,            0.039173,            0.034165,           0.0051967,            0.004192,            0.004192,            0.004192
                 178,            0.031686,            0.031635,           0.0038006,             0.86388,             0.76075,             0.80621,             0.47134,            0.039016,            0.034297,           0.0051854,            0.004159,            0.004159,            0.004159
                 179,            0.031659,            0.031449,           0.0038087,             0.84348,             0.75739,             0.79703,             0.46302,            0.039391,            0.035024,           0.0052588,            0.004126,            0.004126,            0.004126
                 180,            0.031581,            0.032057,           0.0038467,             0.84972,             0.75951,              0.7997,             0.46139,            0.039402,            0.034857,           0.0052333,            0.004093,            0.004093,            0.004093
                 181,            0.031322,            0.031079,            0.003654,             0.85998,             0.75427,             0.80382,             0.46601,            0.039237,            0.034315,            0.005273,             0.00406,             0.00406,             0.00406
                 182,            0.031056,            0.030814,           0.0037521,             0.84805,             0.76389,             0.80728,             0.47095,            0.038996,            0.034106,           0.0052683,            0.004027,            0.004027,            0.004027
                 183,            0.031592,            0.031169,           0.0038033,              0.8594,             0.75992,             0.80632,             0.47246,             0.03893,            0.034037,           0.0051465,            0.003994,            0.003994,            0.003994
                 184,            0.031297,            0.032296,           0.0037406,             0.84242,              0.7682,             0.80844,             0.46738,            0.039077,            0.033942,           0.0051652,            0.003961,            0.003961,            0.003961
                 185,            0.030932,            0.032565,           0.0037907,             0.86122,             0.74892,             0.80185,              0.4669,            0.039117,            0.034276,           0.0052561,            0.003928,            0.003928,            0.003928
                 186,            0.031276,            0.031046,           0.0038012,             0.86518,             0.76169,             0.81023,             0.46574,            0.039007,            0.034601,           0.0052377,            0.003895,            0.003895,            0.003895
                 187,             0.03195,              0.0311,           0.0040786,             0.86097,             0.76002,             0.80828,             0.46818,            0.038952,            0.034084,           0.0051432,            0.003862,            0.003862,            0.003862
                 188,            0.031066,            0.031919,           0.0038156,             0.85876,              0.7555,             0.80681,             0.46739,            0.038947,            0.034582,             0.00507,            0.003829,            0.003829,            0.003829
                 189,            0.031269,            0.031398,           0.0037892,             0.86094,             0.75455,             0.80255,             0.46833,            0.038932,            0.035183,           0.0051822,            0.003796,            0.003796,            0.003796
                 190,            0.031159,            0.031317,           0.0037675,             0.85533,             0.75895,              0.8021,             0.46552,            0.039192,            0.034749,           0.0051083,            0.003763,            0.003763,            0.003763
                 191,            0.030983,            0.031483,            0.003839,             0.86225,             0.76059,             0.80668,             0.47123,            0.038818,            0.034354,           0.0050562,             0.00373,             0.00373,             0.00373
                 192,            0.031339,            0.031194,           0.0039191,             0.85726,             0.76158,             0.80737,             0.47261,            0.038948,            0.034485,           0.0050441,            0.003697,            0.003697,            0.003697
                 193,            0.031476,            0.030257,           0.0039625,             0.85349,              0.7704,             0.81045,              0.4711,            0.038947,            0.034354,           0.0050547,            0.003664,            0.003664,            0.003664
                 194,            0.031087,             0.03133,           0.0037847,             0.85217,             0.76534,              0.8069,             0.47122,            0.039121,            0.034144,            0.005078,            0.003631,            0.003631,            0.003631
                 195,            0.031117,            0.029878,           0.0038726,             0.85569,             0.75315,             0.80537,             0.47043,            0.039124,            0.033981,           0.0051021,            0.003598,            0.003598,            0.003598
                 196,            0.030963,            0.031034,           0.0038238,             0.85238,              0.7507,              0.7957,             0.46328,            0.039067,            0.034997,           0.0050892,            0.003565,            0.003565,            0.003565
                 197,            0.030785,            0.031046,           0.0036993,             0.85441,             0.75219,              0.8047,             0.46988,            0.038807,            0.034115,           0.0051297,            0.003532,            0.003532,            0.003532
                 198,             0.03091,            0.030946,           0.0037126,              0.8592,             0.76194,             0.81019,             0.46698,            0.038971,            0.034615,           0.0051349,            0.003499,            0.003499,            0.003499
                 199,            0.030866,            0.030866,           0.0037278,             0.85433,             0.75988,             0.80522,             0.46924,            0.038933,            0.034516,           0.0051444,            0.003466,            0.003466,            0.003466
                 200,            0.030752,            0.030809,           0.0037814,             0.85582,             0.77266,             0.81015,             0.47234,            0.038914,            0.034202,           0.0052195,            0.003433,            0.003433,            0.003433
                 201,            0.030928,            0.030129,           0.0038112,             0.85857,             0.76864,             0.80472,             0.46908,            0.039027,            0.034234,           0.0051548,              0.0034,              0.0034,              0.0034
                 202,            0.030989,            0.030347,           0.0037968,             0.85261,             0.76453,             0.80239,             0.46705,            0.038938,            0.034241,           0.0051345,            0.003367,            0.003367,            0.003367
                 203,            0.030596,            0.030624,           0.0037597,             0.85941,              0.7696,             0.80906,             0.46915,            0.038924,            0.034006,            0.005066,            0.003334,            0.003334,            0.003334
                 204,            0.031092,            0.030743,           0.0038688,             0.84964,              0.7791,             0.81012,             0.47119,            0.038896,            0.034082,           0.0051732,            0.003301,            0.003301,            0.003301
                 205,            0.031243,             0.03213,           0.0037438,             0.85109,             0.77001,             0.80548,              0.4692,            0.038915,            0.034409,           0.0052273,            0.003268,            0.003268,            0.003268
                 206,            0.030208,            0.031312,            0.003661,             0.85166,             0.76463,             0.80447,             0.46805,             0.03909,             0.03482,           0.0053081,            0.003235,            0.003235,            0.003235
                 207,            0.030418,            0.030107,           0.0037925,             0.84257,             0.76227,             0.80115,             0.46524,            0.039094,            0.035052,           0.0052568,            0.003202,            0.003202,            0.003202
                 208,            0.030527,            0.030942,           0.0037858,             0.85632,             0.75639,             0.80423,             0.46736,            0.039126,            0.034692,           0.0051811,            0.003169,            0.003169,            0.003169
                 209,            0.030687,            0.030708,           0.0037792,             0.85176,              0.7612,             0.80426,              0.4682,            0.039109,            0.034743,           0.0052808,            0.003136,            0.003136,            0.003136
                 210,            0.030822,            0.030439,           0.0038809,             0.83797,             0.77203,             0.80246,             0.46409,            0.039058,            0.034806,           0.0053339,            0.003103,            0.003103,            0.003103
                 211,            0.030282,            0.030445,           0.0036531,              0.8415,             0.76291,             0.80365,             0.46578,            0.039047,            0.034971,           0.0053667,             0.00307,             0.00307,             0.00307
                 212,            0.030662,            0.030549,            0.003771,             0.83473,             0.76305,             0.80275,             0.46778,            0.039027,            0.035237,           0.0053238,            0.003037,            0.003037,            0.003037
                 213,            0.030152,            0.030209,           0.0035964,             0.85584,             0.76203,             0.80801,             0.46998,            0.038903,            0.035116,           0.0052782,            0.003004,            0.003004,            0.003004
                 214,            0.031019,            0.031394,           0.0037756,             0.85235,             0.75389,             0.80201,             0.46608,            0.039146,            0.035867,           0.0053139,            0.002971,            0.002971,            0.002971
                 215,            0.030412,            0.029875,           0.0037287,             0.84855,             0.76238,             0.80434,             0.47106,            0.038939,            0.035648,           0.0053137,            0.002938,            0.002938,            0.002938
                 216,            0.030525,            0.029818,            0.003769,             0.85349,             0.75816,             0.80149,             0.46836,            0.039039,             0.03546,           0.0053036,            0.002905,            0.002905,            0.002905
                 217,            0.030153,            0.030074,           0.0037235,             0.85263,             0.76432,             0.80796,             0.47133,            0.038913,            0.034983,           0.0052929,            0.002872,            0.002872,            0.002872
                 218,            0.029992,             0.02928,           0.0037538,             0.85708,             0.75725,             0.80815,              0.4711,             0.03897,            0.035234,           0.0051957,            0.002839,            0.002839,            0.002839
                 219,            0.029902,            0.029554,           0.0035234,             0.85377,             0.75985,             0.80689,             0.47127,            0.039025,            0.035213,           0.0051527,            0.002806,            0.002806,            0.002806
                 220,             0.03084,            0.031169,            0.003922,             0.85371,             0.75699,             0.79791,             0.46868,            0.039068,            0.035298,           0.0051902,            0.002773,            0.002773,            0.002773
                 221,            0.030045,            0.029955,           0.0035831,             0.85136,             0.75963,             0.80243,             0.47209,            0.038945,            0.035155,            0.005249,             0.00274,             0.00274,             0.00274
                 222,            0.030195,            0.030165,           0.0037263,              0.8577,             0.75385,             0.80608,              0.4714,            0.038971,            0.035197,           0.0052205,            0.002707,            0.002707,            0.002707
                 223,            0.029979,            0.030583,           0.0037026,             0.84736,             0.76727,             0.80902,              0.4712,             0.03897,            0.035149,            0.005232,            0.002674,            0.002674,            0.002674
                 224,            0.029952,            0.030491,           0.0037096,             0.86124,             0.75856,             0.81142,             0.47396,            0.038864,            0.035343,           0.0052232,            0.002641,            0.002641,            0.002641
                 225,            0.030017,            0.029593,           0.0037222,              0.8572,              0.7562,             0.80683,             0.47267,            0.038791,            0.035239,           0.0051985,            0.002608,            0.002608,            0.002608
                 226,            0.030107,            0.030281,           0.0037466,             0.85435,             0.76298,             0.80565,             0.47184,            0.038946,            0.035501,           0.0052154,            0.002575,            0.002575,            0.002575
                 227,            0.029905,            0.029898,           0.0037276,             0.84907,             0.75854,             0.80612,             0.47233,            0.039077,            0.035654,           0.0052477,            0.002542,            0.002542,            0.002542
                 228,            0.029536,            0.029205,           0.0035795,             0.85179,             0.76536,             0.80747,             0.47335,            0.038966,            0.035373,           0.0052333,            0.002509,            0.002509,            0.002509
                 229,            0.030135,            0.029491,           0.0038743,             0.85023,             0.76679,             0.80503,              0.4705,            0.039024,            0.035674,           0.0052176,            0.002476,            0.002476,            0.002476
                 230,            0.029887,            0.030251,            0.003715,             0.85541,             0.76076,              0.8045,             0.47088,            0.039025,            0.035735,           0.0052012,            0.002443,            0.002443,            0.002443
                 231,            0.029628,            0.029235,           0.0036756,             0.84691,             0.76301,             0.80625,             0.47414,             0.03881,            0.035657,           0.0051687,             0.00241,             0.00241,             0.00241
                 232,            0.029508,             0.02962,           0.0036094,             0.85329,             0.75998,             0.80527,             0.47305,            0.038873,             0.03553,           0.0051705,            0.002377,            0.002377,            0.002377
                 233,            0.029593,            0.029049,           0.0035368,             0.85014,             0.75763,             0.80084,             0.47162,            0.038883,            0.035593,           0.0051724,            0.002344,            0.002344,            0.002344
                 234,            0.030005,            0.030372,           0.0037846,             0.85507,             0.76397,             0.80433,             0.47191,            0.038879,            0.035471,            0.005171,            0.002311,            0.002311,            0.002311
                 235,              0.0296,            0.029242,           0.0036802,              0.8567,             0.75864,             0.80141,             0.47031,            0.038889,            0.035523,           0.0052495,            0.002278,            0.002278,            0.002278
                 236,            0.029603,            0.029384,           0.0035756,             0.84898,             0.76067,             0.80204,             0.47141,             0.03889,            0.035657,           0.0052999,            0.002245,            0.002245,            0.002245
                 237,            0.029697,            0.029184,           0.0037283,             0.85297,             0.76162,             0.80454,             0.47167,            0.038941,            0.036097,           0.0052667,            0.002212,            0.002212,            0.002212
                 238,            0.029384,            0.029837,           0.0036781,             0.85041,             0.75962,             0.80553,             0.47252,            0.039012,            0.035935,           0.0053118,            0.002179,            0.002179,            0.002179
                 239,            0.029835,            0.029636,           0.0038442,             0.85279,              0.7555,             0.80212,             0.47214,            0.039043,            0.036101,            0.005351,            0.002146,            0.002146,            0.002146
                 240,            0.029105,             0.02948,           0.0037058,             0.84393,             0.76464,             0.80435,             0.47126,            0.039036,            0.035827,           0.0052717,            0.002113,            0.002113,            0.002113
                 241,            0.029367,            0.028612,           0.0036259,             0.85461,              0.7579,             0.80637,             0.47251,            0.039025,            0.035361,           0.0052541,             0.00208,             0.00208,             0.00208
                 242,            0.028937,             0.02885,           0.0035217,             0.85812,             0.75128,             0.80347,             0.47134,            0.039039,             0.03537,           0.0052438,            0.002047,            0.002047,            0.002047
                 243,            0.029292,            0.029461,           0.0035897,                0.86,             0.75294,             0.80446,             0.47297,            0.039032,            0.035559,           0.0052494,            0.002014,            0.002014,            0.002014
                 244,            0.029213,            0.029174,           0.0035809,              0.8478,             0.76999,             0.80705,             0.47467,            0.039039,            0.035794,           0.0052834,            0.001981,            0.001981,            0.001981
                 245,            0.029577,            0.029331,           0.0038401,             0.85917,             0.75771,              0.8056,             0.47413,            0.038933,            0.035585,           0.0051991,            0.001948,            0.001948,            0.001948
                 246,            0.029149,            0.029643,            0.003644,             0.85868,             0.75823,             0.80532,             0.47182,            0.038931,            0.035697,           0.0052229,            0.001915,            0.001915,            0.001915
                 247,            0.029468,            0.028503,           0.0036667,             0.84426,             0.77349,             0.80875,              0.4728,            0.038901,            0.035581,           0.0051921,            0.001882,            0.001882,            0.001882
                 248,            0.029258,            0.028699,           0.0036809,             0.84932,              0.7633,             0.80474,             0.47025,            0.039035,            0.035494,           0.0051868,            0.001849,            0.001849,            0.001849
                 249,            0.029506,            0.030025,           0.0036973,             0.85257,             0.76071,             0.80375,             0.46998,            0.039094,            0.035651,           0.0052131,            0.001816,            0.001816,            0.001816
                 250,             0.02921,            0.028633,           0.0036621,             0.84638,             0.76218,             0.80243,             0.46949,            0.039093,            0.035566,           0.0052129,            0.001783,            0.001783,            0.001783
                 251,            0.028912,            0.029161,           0.0035979,             0.85544,             0.75629,             0.80494,             0.47052,            0.039166,            0.035887,           0.0052826,             0.00175,             0.00175,             0.00175
                 252,            0.029217,            0.029641,           0.0037123,             0.85736,              0.7567,              0.8034,             0.47142,            0.039102,            0.035909,           0.0052482,            0.001717,            0.001717,            0.001717
                 253,            0.028836,            0.028763,           0.0035899,             0.85135,             0.76588,             0.80439,             0.47135,             0.03907,            0.035788,           0.0052133,            0.001684,            0.001684,            0.001684
                 254,            0.029299,            0.029481,           0.0036928,              0.8506,             0.76463,             0.80572,             0.47243,            0.039075,            0.035909,           0.0052186,            0.001651,            0.001651,            0.001651
                 255,            0.028845,            0.028129,           0.0035216,             0.85778,             0.75848,             0.80501,             0.47392,             0.03907,            0.036009,           0.0052244,            0.001618,            0.001618,            0.001618
                 256,            0.028885,            0.029404,           0.0035679,             0.85118,             0.76007,             0.80052,             0.47145,            0.039184,            0.036105,           0.0052347,            0.001585,            0.001585,            0.001585
                 257,            0.028719,            0.028635,           0.0036144,             0.84552,             0.76224,             0.80028,             0.47044,            0.039271,            0.036184,           0.0052532,            0.001552,            0.001552,            0.001552
                 258,            0.028715,            0.029302,           0.0035644,             0.85424,             0.75419,             0.79937,             0.47062,            0.039322,            0.036141,           0.0052821,            0.001519,            0.001519,            0.001519
                 259,            0.028985,            0.028841,           0.0036145,             0.85128,             0.75243,             0.79771,             0.47061,            0.039298,            0.036215,           0.0052624,            0.001486,            0.001486,            0.001486
                 260,            0.029342,            0.028005,           0.0037723,             0.84807,             0.75819,             0.80085,             0.47077,             0.03922,            0.036175,           0.0052585,            0.001453,            0.001453,            0.001453
                 261,            0.028567,            0.028069,           0.0035696,             0.84342,             0.76523,             0.80028,             0.47121,            0.039193,             0.03626,           0.0052769,             0.00142,             0.00142,             0.00142
                 262,            0.028773,            0.027204,           0.0034774,             0.85168,             0.75251,              0.8009,             0.47233,            0.039174,            0.036215,           0.0052937,            0.001387,            0.001387,            0.001387
                 263,            0.028394,            0.028582,            0.003603,             0.84502,             0.76498,             0.80466,             0.47397,            0.039141,            0.036203,           0.0053033,            0.001354,            0.001354,            0.001354
                 264,            0.029001,            0.028755,           0.0037878,             0.85661,             0.75439,              0.8045,             0.47351,            0.039102,            0.035994,           0.0052598,            0.001321,            0.001321,            0.001321
                 265,            0.028903,            0.028825,              0.0037,             0.85456,             0.75775,             0.80406,              0.4739,             0.03909,            0.036198,           0.0052229,            0.001288,            0.001288,            0.001288
                 266,            0.028774,            0.028748,           0.0036621,             0.85791,             0.75714,             0.80185,             0.47295,            0.039154,            0.036231,           0.0052241,            0.001255,            0.001255,            0.001255
                 267,            0.028215,             0.02836,           0.0035832,             0.85161,              0.7589,              0.8011,             0.47311,            0.039175,            0.036339,           0.0052466,            0.001222,            0.001222,            0.001222
                 268,            0.028702,            0.028724,           0.0036609,             0.85906,             0.75151,             0.80091,             0.47251,             0.03915,            0.036312,           0.0052654,            0.001189,            0.001189,            0.001189
                 269,            0.028733,             0.02849,           0.0036431,             0.85519,             0.76125,              0.8048,             0.47124,             0.03916,            0.036082,           0.0052829,            0.001156,            0.001156,            0.001156
                 270,            0.028428,            0.028042,            0.003638,             0.85096,             0.76226,             0.80562,             0.47083,            0.039188,            0.036086,           0.0053056,            0.001123,            0.001123,            0.001123
                 271,            0.028589,            0.028692,           0.0036247,             0.84509,             0.76194,             0.80205,             0.47033,            0.039201,            0.036252,           0.0053235,             0.00109,             0.00109,             0.00109
                 272,            0.028757,            0.028905,           0.0035491,             0.85443,             0.75741,             0.80206,              0.4709,            0.039206,            0.036455,           0.0053153,            0.001057,            0.001057,            0.001057
                 273,            0.028716,            0.028323,            0.003702,             0.85028,             0.75694,             0.80067,             0.47015,            0.039228,            0.036576,           0.0053044,            0.001024,            0.001024,            0.001024
                 274,            0.028618,             0.02885,           0.0035806,             0.85409,             0.75292,             0.80027,             0.47101,             0.03922,            0.036451,           0.0052894,            0.000991,            0.000991,            0.000991
                 275,            0.028136,            0.028267,           0.0034627,             0.84972,             0.75778,             0.80033,             0.47065,            0.039231,            0.036502,            0.005296,            0.000958,            0.000958,            0.000958
                 276,            0.027991,            0.027216,           0.0034458,             0.84468,             0.75827,             0.79844,             0.47051,             0.03919,            0.036436,           0.0053114,            0.000925,            0.000925,            0.000925
                 277,            0.028647,            0.029269,           0.0037182,             0.84481,             0.75862,             0.79926,             0.47178,            0.039151,            0.036441,           0.0053092,            0.000892,            0.000892,            0.000892
                 278,            0.028391,            0.028466,           0.0037301,              0.8655,             0.74063,             0.80002,             0.47033,            0.039175,            0.036628,           0.0053143,            0.000859,            0.000859,            0.000859
                 279,             0.02842,            0.027554,           0.0036336,             0.84476,             0.75905,             0.79856,             0.46955,            0.039185,            0.036703,           0.0053113,            0.000826,            0.000826,            0.000826
                 280,            0.028068,            0.028164,           0.0034381,             0.84663,             0.75927,             0.79859,             0.46991,            0.039175,            0.036688,           0.0053143,            0.000793,            0.000793,            0.000793
                 281,            0.028031,            0.027461,           0.0035708,             0.84632,             0.75961,             0.80015,             0.47167,            0.039163,            0.036593,           0.0053171,             0.00076,             0.00076,             0.00076
                 282,             0.02805,            0.028167,            0.003575,             0.84418,             0.75889,             0.80012,             0.47129,            0.039158,            0.036571,           0.0053403,            0.000727,            0.000727,            0.000727
                 283,            0.028084,            0.027923,           0.0034677,             0.84729,             0.75939,             0.80204,             0.47073,            0.039197,            0.036635,           0.0053659,            0.000694,            0.000694,            0.000694
                 284,            0.028044,            0.028625,            0.003513,             0.84999,             0.75792,             0.80206,              0.4706,            0.039218,            0.036692,           0.0053739,            0.000661,            0.000661,            0.000661
                 285,            0.027694,            0.027698,           0.0035312,             0.85102,              0.7603,             0.80249,             0.47139,            0.039202,            0.036706,           0.0053742,            0.000628,            0.000628,            0.000628
                 286,            0.028109,            0.027472,           0.0036101,             0.85157,             0.75993,             0.80112,              0.4708,            0.039204,            0.036775,           0.0053618,            0.000595,            0.000595,            0.000595
                 287,            0.027748,            0.027476,           0.0034946,             0.85228,              0.7599,             0.80028,             0.47174,            0.039218,            0.036767,           0.0053307,            0.000562,            0.000562,            0.000562
                 288,            0.028119,            0.027984,           0.0035859,             0.85549,             0.75489,             0.80118,             0.47091,            0.039213,            0.036692,           0.0053034,            0.000529,            0.000529,            0.000529
                 289,            0.028118,            0.027608,           0.0036278,             0.85057,             0.75549,             0.80037,             0.47188,            0.039198,            0.036712,           0.0052919,            0.000496,            0.000496,            0.000496
                 290,             0.02769,            0.027996,            0.003453,             0.84763,              0.7586,             0.80112,             0.47184,            0.039206,            0.036711,           0.0052974,            0.000463,            0.000463,            0.000463
                 291,            0.027645,            0.027473,           0.0035897,             0.84855,              0.7599,             0.80125,             0.47153,            0.039206,            0.036579,           0.0053057,             0.00043,             0.00043,             0.00043
                 292,            0.027803,             0.02704,           0.0034067,             0.84929,             0.76105,              0.8011,             0.47144,            0.039211,            0.036599,            0.005314,            0.000397,            0.000397,            0.000397
                 293,            0.028173,            0.026216,           0.0035331,             0.84987,             0.76075,             0.80197,             0.47172,            0.039186,            0.036672,           0.0053299,            0.000364,            0.000364,            0.000364
                 294,            0.028057,            0.027098,            0.003542,             0.84344,             0.76228,             0.80083,             0.47199,            0.039172,            0.036662,           0.0053419,            0.000331,            0.000331,            0.000331
                 295,            0.028068,             0.02765,           0.0036587,             0.84834,             0.75756,             0.80132,             0.47092,             0.03917,            0.036653,           0.0053452,            0.000298,            0.000298,            0.000298
                 296,            0.028193,            0.027793,           0.0035877,              0.8555,             0.75125,             0.80082,             0.47118,            0.039167,            0.036622,           0.0053577,            0.000265,            0.000265,            0.000265
                 297,            0.027698,            0.027864,           0.0035029,              0.8498,             0.75569,             0.80153,             0.47053,            0.039176,             0.03666,           0.0053607,            0.000232,            0.000232,            0.000232
                 298,             0.02808,            0.027325,           0.0036447,             0.84939,             0.75723,             0.80192,              0.4715,            0.039163,            0.036694,           0.0053562,            0.000199,            0.000199,            0.000199
                 299,              0.0277,            0.027758,           0.0034963,             0.85146,              0.7562,             0.80265,             0.47166,            0.039157,            0.036721,           0.0053583,            0.000166,            0.000166,            0.000166
